School Info,,Common Ports,,,,,,,,,,,Formulas,,
State,Domain,Port 80,Port 443,Port 25,Port 465,Port 587,Port 2525,Port 53,Port 110,Port 143,Port 993,Port 995,"Open Ports?
(Non 80 & 443)","Check Domain?
(Port 80 & 443 Closed)",Skipped Ports?
New Jersey,princeton.edu,OPEN,OPEN,CLOSED,CLOSED,CLOSED,CLOSED,CLOSED,CLOSED,CLOSED,CLOSED,CLOSED,,,
New Jersey,rutgers.edu,OPEN,OPEN,CLOSED,CLOSED,CLOSED,CLOSED,CLOSED,CLOSED,CLOSED,CLOSED,CLOSED,,,
New Jersey,njit.edu,OPEN,OPEN,CLOSED,CLOSED,CLOSED,CLOSED,CLOSED,CLOSED,CLOSED,CLOSED,CLOSED,,,
New Jersey,tcnj.edu,OPEN,OPEN,CLOSED,CLOSED,CLOSED,CLOSED,CLOSED,CLOSED,CLOSED,CLOSED,CLOSED,,,
New Jersey,kean.edu,OPEN,OPEN,CLOSED,CLOSED,CLOSED,CLOSED,CLOSED,CLOSED,CLOSED,CLOSED,CLOSED,,,
New Jersey,montclair.edu,OPEN,OPEN,CLOSED,CLOSED,CLOSED,CLOSED,CLOSED,CLOSED,CLOSED,CLOSED,CLOSED,,,
New Jersey,njcu.edu,OPEN,OPEN,CLOSED,CLOSED,CLOSED,CLOSED,CLOSED,CLOSED,CLOSED,CLOSED,CLOSED,,,
New Jersey,ramapo.edu,OPEN,OPEN,CLOSED,CLOSED,CLOSED,CLOSED,CLOSED,CLOSED,CLOSED,CLOSED,CLOSED,,,
New Jersey,rowan.edu,OPEN,OPEN,CLOSED,CLOSED,CLOSED,CLOSED,CLOSED,CLOSED,CLOSED,CLOSED,CLOSED,,,
New Jersey,stockton.edu,OPEN,OPEN,CLOSED,CLOSED,CLOSED,CLOSED,CLOSED,CLOSED,CLOSED,CLOSED,CLOSED,,,
New Jersey,tesu.edu,OPEN,OPEN,CLOSED,CLOSED,CLOSED,CLOSED,CLOSED,CLOSED,CLOSED,CLOSED,CLOSED,,,
New Jersey,wpunj.edu,OPEN,OPEN,CLOSED,CLOSED,CLOSED,CLOSED,CLOSED,CLOSED,CLOSED,CLOSED,SKIP,,,YES
New Jersey,monmouth.edu,OPEN,OPEN,CLOSED,CLOSED,CLOSED,CLOSED,CLOSED,CLOSED,CLOSED,CLOSED,CLOSED,,,
New Jersey,rider.edu,OPEN,OPEN,CLOSED,CLOSED,CLOSED,CLOSED,CLOSED,CLOSED,CLOSED,CLOSED,CLOSED,,,
New Jersey,stevens.edu,OPEN,OPEN,CLOSED,CLOSED,CLOSED,CLOSED,CLOSED,CLOSED,CLOSED,CLOSED,CLOSED,,,
New Jersey,setonhall.edu,OPEN,OPEN,CLOSED,CLOSED,CLOSED,CLOSED,CLOSED,CLOSED,CLOSED,CLOSED,CLOSED,,,
New Jersey,saintpeters.edu,OPEN,OPEN,CLOSED,CLOSED,CLOSED,CLOSED,CLOSED,CLOSED,CLOSED,CLOSED,CLOSED,,,
New Jersey,drew.edu,OPEN,OPEN,CLOSED,CLOSED,CLOSED,CLOSED,CLOSED,CLOSED,CLOSED,CLOSED,CLOSED,,,
New Jersey,fdu.edu,OPEN,OPEN,CLOSED,CLOSED,CLOSED,CLOSED,CLOSED,CLOSED,CLOSED,CLOSED,CLOSED,,,
New Jersey,caldwell.edu,OPEN,OPEN,CLOSED,CLOSED,CLOSED,CLOSED,CLOSED,CLOSED,CLOSED,CLOSED,CLOSED,,,
New Jersey,georgian.edu,OPEN,OPEN,CLOSED,CLOSED,CLOSED,CLOSED,CLOSED,CLOSED,CLOSED,CLOSED,CLOSED,,,
New Jersey,felician.edu,OPEN,OPEN,CLOSED,CLOSED,CLOSED,CLOSED,CLOSED,CLOSED,CLOSED,CLOSED,CLOSED,,,
New Jersey,bloomfield.edu,OPEN,OPEN,CLOSED,CLOSED,CLOSED,CLOSED,CLOSED,CLOSED,CLOSED,CLOSED,CLOSED,,,
New Jersey,centenaryuniversity.edu,OPEN,OPEN,CLOSED,CLOSED,CLOSED,CLOSED,CLOSED,CLOSED,CLOSED,CLOSED,CLOSED,,,
New Jersey,atlantic.edu,OPEN,OPEN,CLOSED,CLOSED,CLOSED,CLOSED,CLOSED,CLOSED,CLOSED,CLOSED,CLOSED,,,
New Jersey,bergen.edu,OPEN,OPEN,CLOSED,CLOSED,CLOSED,CLOSED,CLOSED,CLOSED,CLOSED,CLOSED,CLOSED,,,
New Jersey,brookdalecc.edu,OPEN,OPEN,CLOSED,CLOSED,CLOSED,CLOSED,CLOSED,CLOSED,CLOSED,CLOSED,CLOSED,,,
New Jersey,camdencc.edu,OPEN,OPEN,CLOSED,OPEN,OPEN,CLOSED,OPEN,CLOSED,CLOSED,CLOSED,CLOSED,YES,,
New Jersey,ccm.edu,OPEN,OPEN,CLOSED,CLOSED,CLOSED,CLOSED,CLOSED,CLOSED,CLOSED,CLOSED,CLOSED,,,
New Jersey,essex.edu,OPEN,OPEN,CLOSED,CLOSED,CLOSED,CLOSED,CLOSED,CLOSED,CLOSED,CLOSED,CLOSED,,,
New Jersey,hccc.edu,OPEN,OPEN,CLOSED,CLOSED,CLOSED,CLOSED,CLOSED,CLOSED,CLOSED,CLOSED,CLOSED,,,
New Jersey,mccc.edu,OPEN,OPEN,CLOSED,OPEN,OPEN,CLOSED,CLOSED,OPEN,OPEN,OPEN,OPEN,YES,,
New Jersey,middlesexcc.edu,CLOSED,CLOSED,CLOSED,CLOSED,CLOSED,CLOSED,CLOSED,CLOSED,CLOSED,CLOSED,CLOSED,,YES,
New Jersey,ocean.edu,OPEN,OPEN,CLOSED,CLOSED,CLOSED,CLOSED,CLOSED,CLOSED,CLOSED,CLOSED,CLOSED,,,
New Jersey,pccc.edu,OPEN,OPEN,CLOSED,CLOSED,CLOSED,CLOSED,CLOSED,CLOSED,CLOSED,CLOSED,CLOSED,,,
New Jersey,raritanval.edu,OPEN,OPEN,CLOSED,CLOSED,CLOSED,CLOSED,CLOSED,CLOSED,CLOSED,CLOSED,CLOSED,,,
New Jersey,rcbc.edu,OPEN,OPEN,CLOSED,CLOSED,CLOSED,CLOSED,CLOSED,CLOSED,CLOSED,CLOSED,CLOSED,,,
New Jersey,rcsj.edu,OPEN,OPEN,CLOSED,CLOSED,CLOSED,CLOSED,CLOSED,CLOSED,CLOSED,CLOSED,CLOSED,,,
New Jersey,salemcc.edu,OPEN,OPEN,CLOSED,CLOSED,CLOSED,CLOSED,CLOSED,CLOSED,CLOSED,CLOSED,CLOSED,,,
New Jersey,sussex.edu,OPEN,OPEN,CLOSED,CLOSED,OPEN,CLOSED,OPEN,OPEN,OPEN,CLOSED,CLOSED,YES,,
New Jersey,ucc.edu,OPEN,OPEN,CLOSED,CLOSED,CLOSED,CLOSED,CLOSED,CLOSED,CLOSED,CLOSED,CLOSED,,,
New Jersey,warren.edu,OPEN,OPEN,CLOSED,CLOSED,CLOSED,CLOSED,CLOSED,CLOSED,CLOSED,CLOSED,CLOSED,,,
Rhode Island,brown.edu,OPEN,OPEN,CLOSED,CLOSED,CLOSED,CLOSED,CLOSED,CLOSED,CLOSED,CLOSED,CLOSED,,,
Rhode Island,uri.edu,OPEN,OPEN,CLOSED,CLOSED,CLOSED,CLOSED,CLOSED,CLOSED,CLOSED,CLOSED,CLOSED,,,
Rhode Island,ric.edu,OPEN,OPEN,CLOSED,CLOSED,CLOSED,CLOSED,CLOSED,CLOSED,CLOSED,CLOSED,CLOSED,,,
Rhode Island,bryant.edu,OPEN,OPEN,CLOSED,CLOSED,CLOSED,CLOSED,CLOSED,CLOSED,CLOSED,CLOSED,CLOSED,,,
Rhode Island,jw.edu,CLOSED,CLOSED,CLOSED,CLOSED,CLOSED,CLOSED,CLOSED,CLOSED,CLOSED,CLOSED,CLOSED,,YES,
Rhode Island,salve.edu,OPEN,OPEN,CLOSED,CLOSED,CLOSED,CLOSED,CLOSED,CLOSED,CLOSED,CLOSED,CLOSED,,,
Rhode Island,providence.edu,OPEN,OPEN,CLOSED,CLOSED,CLOSED,CLOSED,CLOSED,CLOSED,CLOSED,CLOSED,CLOSED,,,
Rhode Island,rwu.edu,OPEN,OPEN,CLOSED,CLOSED,CLOSED,CLOSED,CLOSED,CLOSED,CLOSED,CLOSED,CLOSED,,,
Rhode Island,neit.edu,OPEN,OPEN,CLOSED,CLOSED,CLOSED,CLOSED,CLOSED,CLOSED,CLOSED,CLOSED,CLOSED,,,
Rhode Island,ccri.edu,OPEN,OPEN,CLOSED,CLOSED,CLOSED,CLOSED,CLOSED,CLOSED,CLOSED,CLOSED,CLOSED,,,
Maine,maine.edu,OPEN,OPEN,CLOSED,CLOSED,CLOSED,CLOSED,CLOSED,CLOSED,CLOSED,CLOSED,CLOSED,,,
Maine,bowdoin.edu,OPEN,OPEN,CLOSED,CLOSED,CLOSED,CLOSED,CLOSED,CLOSED,CLOSED,CLOSED,CLOSED,,,
Maine,bates.edu,OPEN,OPEN,CLOSED,CLOSED,CLOSED,CLOSED,CLOSED,CLOSED,CLOSED,CLOSED,CLOSED,,,
Maine,colby.edu,OPEN,OPEN,CLOSED,CLOSED,CLOSED,CLOSED,CLOSED,CLOSED,CLOSED,CLOSED,CLOSED,,,
Maine,husson.edu,OPEN,OPEN,CLOSED,CLOSED,CLOSED,CLOSED,CLOSED,CLOSED,CLOSED,CLOSED,CLOSED,,,
Maine,une.edu,OPEN,OPEN,CLOSED,CLOSED,CLOSED,CLOSED,CLOSED,CLOSED,CLOSED,CLOSED,CLOSED,,,
Maine,usm.maine.edu,OPEN,OPEN,CLOSED,CLOSED,CLOSED,CLOSED,CLOSED,CLOSED,CLOSED,CLOSED,CLOSED,,,
Maine,thomas.edu,OPEN,OPEN,CLOSED,CLOSED,CLOSED,CLOSED,CLOSED,CLOSED,CLOSED,CLOSED,CLOSED,,,
Maine,unity.edu,OPEN,OPEN,CLOSED,CLOSED,CLOSED,CLOSED,CLOSED,CLOSED,CLOSED,CLOSED,CLOSED,,,
Maine,smccme.edu,OPEN,OPEN,CLOSED,CLOSED,CLOSED,CLOSED,CLOSED,CLOSED,CLOSED,CLOSED,CLOSED,,,
Maine,emcc.edu,OPEN,OPEN,CLOSED,CLOSED,CLOSED,CLOSED,CLOSED,CLOSED,CLOSED,CLOSED,CLOSED,,,
Maine,nmcc.edu,OPEN,OPEN,CLOSED,CLOSED,CLOSED,CLOSED,CLOSED,CLOSED,CLOSED,CLOSED,CLOSED,,,
Maine,cmcc.edu,OPEN,OPEN,CLOSED,CLOSED,CLOSED,CLOSED,CLOSED,CLOSED,CLOSED,CLOSED,CLOSED,,,
Maine,wccc.me.edu,OPEN,OPEN,CLOSED,CLOSED,CLOSED,CLOSED,CLOSED,CLOSED,CLOSED,CLOSED,CLOSED,,,
Maine,yc.edu,OPEN,OPEN,CLOSED,CLOSED,CLOSED,CLOSED,CLOSED,CLOSED,CLOSED,CLOSED,CLOSED,,,
Maine,kvcc.me.edu,OPEN,OPEN,CLOSED,CLOSED,CLOSED,CLOSED,CLOSED,CLOSED,CLOSED,CLOSED,CLOSED,,,
Maine,mccs.me.edu,OPEN,OPEN,CLOSED,CLOSED,CLOSED,CLOSED,CLOSED,CLOSED,CLOSED,CLOSED,CLOSED,,,
Florida,adventhealth.edu,CLOSED,CLOSED,CLOSED,CLOSED,CLOSED,CLOSED,CLOSED,CLOSED,CLOSED,CLOSED,CLOSED,,YES,
Florida,avemaria.edu,OPEN,OPEN,CLOSED,CLOSED,CLOSED,CLOSED,CLOSED,CLOSED,CLOSED,CLOSED,CLOSED,,,
Florida,barry.edu,OPEN,OPEN,CLOSED,CLOSED,CLOSED,CLOSED,CLOSED,CLOSED,CLOSED,CLOSED,CLOSED,,,
Florida,beaconcollege.edu,OPEN,OPEN,CLOSED,CLOSED,CLOSED,CLOSED,CLOSED,CLOSED,CLOSED,CLOSED,CLOSED,,,
Florida,bethune.cookman.edu,OPEN,OPEN,CLOSED,CLOSED,CLOSED,CLOSED,CLOSED,CLOSED,CLOSED,CLOSED,CLOSED,,,
Florida,broward.edu,OPEN,OPEN,CLOSED,CLOSED,CLOSED,CLOSED,CLOSED,CLOSED,CLOSED,CLOSED,CLOSED,,,
Florida,chipola.edu,OPEN,OPEN,CLOSED,OPEN,CLOSED,CLOSED,OPEN,OPEN,OPEN,OPEN,OPEN,YES,,
Florida,cf.edu,OPEN,OPEN,CLOSED,CLOSED,CLOSED,CLOSED,CLOSED,CLOSED,CLOSED,CLOSED,CLOSED,,,
Florida,daytonastate.edu,OPEN,OPEN,CLOSED,CLOSED,CLOSED,CLOSED,CLOSED,CLOSED,CLOSED,CLOSED,CLOSED,,,
Florida,eckerd.edu,OPEN,OPEN,CLOSED,CLOSED,CLOSED,CLOSED,CLOSED,CLOSED,CLOSED,CLOSED,CLOSED,,,
Florida,ewc.edu,OPEN,OPEN,CLOSED,CLOSED,CLOSED,CLOSED,CLOSED,CLOSED,CLOSED,CLOSED,CLOSED,,,
Florida,erau.edu,OPEN,OPEN,CLOSED,CLOSED,CLOSED,CLOSED,CLOSED,CLOSED,CLOSED,CLOSED,CLOSED,,,
Florida,evergladesuniversity.edu,OPEN,OPEN,CLOSED,CLOSED,CLOSED,CLOSED,CLOSED,CLOSED,CLOSED,CLOSED,CLOSED,,,
Florida,flagler.edu,OPEN,OPEN,CLOSED,CLOSED,CLOSED,CLOSED,CLOSED,CLOSED,CLOSED,CLOSED,CLOSED,,,
Florida,famu.edu,OPEN,OPEN,CLOSED,CLOSED,CLOSED,CLOSED,CLOSED,CLOSED,CLOSED,CLOSED,CLOSED,,,
Florida,fau.edu,OPEN,OPEN,CLOSED,CLOSED,CLOSED,CLOSED,CLOSED,CLOSED,CLOSED,CLOSED,CLOSED,,,
Florida,fgcu.edu,OPEN,OPEN,CLOSED,CLOSED,CLOSED,CLOSED,CLOSED,CLOSED,CLOSED,CLOSED,CLOSED,,,
Florida,fit.edu,OPEN,OPEN,CLOSED,CLOSED,CLOSED,CLOSED,CLOSED,CLOSED,CLOSED,CLOSED,CLOSED,,,
Florida,fiu.edu,OPEN,OPEN,CLOSED,CLOSED,CLOSED,CLOSED,CLOSED,CLOSED,CLOSED,CLOSED,CLOSED,,,
Florida,fmuniv.edu,OPEN,OPEN,CLOSED,CLOSED,CLOSED,CLOSED,CLOSED,CLOSED,CLOSED,CLOSED,CLOSED,,,
Florida,fnu.edu,OPEN,OPEN,CLOSED,CLOSED,CLOSED,CLOSED,CLOSED,CLOSED,CLOSED,CLOSED,CLOSED,,,
Florida,flsouthern.edu,OPEN,OPEN,CLOSED,CLOSED,CLOSED,CLOSED,CLOSED,CLOSED,CLOSED,CLOSED,CLOSED,,,
Florida,fsw.edu,OPEN,OPEN,CLOSED,CLOSED,OPEN,CLOSED,CLOSED,CLOSED,CLOSED,CLOSED,CLOSED,YES,,
Florida,fscj.edu,OPEN,OPEN,CLOSED,CLOSED,CLOSED,CLOSED,CLOSED,CLOSED,CLOSED,CLOSED,CLOSED,,,
Florida,fsu.edu,OPEN,OPEN,CLOSED,CLOSED,CLOSED,CLOSED,CLOSED,CLOSED,CLOSED,CLOSED,CLOSED,,,
Florida,gulfcoast.edu,OPEN,OPEN,CLOSED,CLOSED,CLOSED,CLOSED,CLOSED,CLOSED,CLOSED,CLOSED,SKIP,,,YES
Florida,hodges.edu,OPEN,OPEN,CLOSED,CLOSED,CLOSED,CLOSED,CLOSED,CLOSED,CLOSED,CLOSED,CLOSED,,,
Florida,irsc.edu,OPEN,OPEN,CLOSED,CLOSED,CLOSED,CLOSED,CLOSED,CLOSED,CLOSED,CLOSED,CLOSED,,,
Florida,jacksonville.edu,OPEN,OPEN,CLOSED,CLOSED,CLOSED,CLOSED,CLOSED,CLOSED,CLOSED,CLOSED,CLOSED,,,
Florida,keiseruniversity.edu,OPEN,OPEN,CLOSED,CLOSED,CLOSED,CLOSED,CLOSED,CLOSED,CLOSED,CLOSED,CLOSED,,,
Florida,lynn.edu,OPEN,OPEN,CLOSED,CLOSED,OPEN,CLOSED,OPEN,CLOSED,CLOSED,OPEN,OPEN,YES,,
Florida,mdc.edu,OPEN,OPEN,CLOSED,CLOSED,CLOSED,CLOSED,CLOSED,CLOSED,CLOSED,CLOSED,CLOSED,,,
Florida,miami.edu,OPEN,OPEN,CLOSED,CLOSED,CLOSED,CLOSED,CLOSED,CLOSED,CLOSED,CLOSED,CLOSED,,,
Florida,ncf.edu,OPEN,OPEN,CLOSED,CLOSED,CLOSED,CLOSED,CLOSED,CLOSED,CLOSED,CLOSED,CLOSED,,,
Florida,nova.edu,OPEN,OPEN,CLOSED,CLOSED,CLOSED,CLOSED,CLOSED,CLOSED,CLOSED,CLOSED,CLOSED,,,
Florida,pba.edu,OPEN,OPEN,CLOSED,CLOSED,CLOSED,CLOSED,CLOSED,CLOSED,CLOSED,CLOSED,CLOSED,,,
Florida,palmbeachstate.edu,OPEN,OPEN,CLOSED,CLOSED,CLOSED,CLOSED,CLOSED,CLOSED,CLOSED,CLOSED,CLOSED,,,
Florida,pascohernando.edu,CLOSED,CLOSED,CLOSED,CLOSED,CLOSED,CLOSED,CLOSED,CLOSED,CLOSED,CLOSED,CLOSED,,YES,
Florida,polk.edu,OPEN,OPEN,CLOSED,CLOSED,CLOSED,CLOSED,CLOSED,CLOSED,CLOSED,CLOSED,CLOSED,,,
Florida,ringling.edu,CLOSED,CLOSED,CLOSED,CLOSED,CLOSED,CLOSED,CLOSED,CLOSED,CLOSED,CLOSED,CLOSED,,YES,
Florida,rollins.edu,OPEN,OPEN,CLOSED,CLOSED,CLOSED,CLOSED,CLOSED,CLOSED,CLOSED,CLOSED,SKIP,,,YES
Florida,saintleo.edu,OPEN,OPEN,CLOSED,CLOSED,CLOSED,CLOSED,CLOSED,CLOSED,CLOSED,CLOSED,CLOSED,,,
Florida,santefe.edu,CLOSED,CLOSED,CLOSED,CLOSED,CLOSED,CLOSED,CLOSED,CLOSED,CLOSED,CLOSED,CLOSED,,YES,
Florida,scf.edu,OPEN,OPEN,CLOSED,CLOSED,CLOSED,CLOSED,CLOSED,CLOSED,CLOSED,CLOSED,CLOSED,,,
Florida,seu.edu,OPEN,OPEN,CLOSED,CLOSED,CLOSED,CLOSED,CLOSED,CLOSED,CLOSED,CLOSED,CLOSED,,,
Florida,southflorida.edu,OPEN,OPEN,CLOSED,CLOSED,CLOSED,CLOSED,CLOSED,CLOSED,CLOSED,CLOSED,CLOSED,,,
Florida,ssc.edu,OPEN,OPEN,CLOSED,CLOSED,CLOSED,CLOSED,CLOSED,CLOSED,CLOSED,CLOSED,CLOSED,,,
Florida,stetson.edu,OPEN,OPEN,CLOSED,CLOSED,CLOSED,CLOSED,CLOSED,CLOSED,CLOSED,CLOSED,CLOSED,,,
Florida,stu.edu,OPEN,OPEN,CLOSED,CLOSED,CLOSED,CLOSED,CLOSED,CLOSED,CLOSED,CLOSED,CLOSED,,,
Florida,tcc.fl.edu,OPEN,OPEN,CLOSED,CLOSED,CLOSED,CLOSED,CLOSED,CLOSED,CLOSED,CLOSED,CLOSED,,,
Florida,ut.edu,OPEN,OPEN,CLOSED,CLOSED,CLOSED,CLOSED,CLOSED,CLOSED,CLOSED,CLOSED,CLOSED,,,
Florida,valenciacollege.edu,OPEN,OPEN,CLOSED,CLOSED,CLOSED,CLOSED,CLOSED,CLOSED,CLOSED,CLOSED,CLOSED,,,
Florida,warner.edu,OPEN,OPEN,CLOSED,CLOSED,CLOSED,CLOSED,CLOSED,CLOSED,CLOSED,CLOSED,CLOSED,,,
Florida,webber.edu,OPEN,OPEN,CLOSED,CLOSED,CLOSED,CLOSED,CLOSED,CLOSED,CLOSED,CLOSED,CLOSED,,,
Delaware,udel.edu,OPEN,OPEN,CLOSED,CLOSED,CLOSED,CLOSED,CLOSED,CLOSED,CLOSED,CLOSED,CLOSED,,,
Delaware,desu.edu,OPEN,OPEN,CLOSED,CLOSED,CLOSED,CLOSED,CLOSED,CLOSED,CLOSED,CLOSED,CLOSED,,,
Delaware,wilmu.edu,OPEN,OPEN,CLOSED,CLOSED,CLOSED,CLOSED,CLOSED,CLOSED,CLOSED,CLOSED,CLOSED,,,
Delaware,dtcc.edu,OPEN,OPEN,CLOSED,CLOSED,CLOSED,CLOSED,CLOSED,CLOSED,CLOSED,CLOSED,CLOSED,,,
Delaware,wesley.edu,CLOSED,CLOSED,CLOSED,CLOSED,CLOSED,CLOSED,CLOSED,CLOSED,CLOSED,CLOSED,CLOSED,,YES,
Delaware,goldeybeacom.edu,CLOSED,CLOSED,CLOSED,CLOSED,CLOSED,CLOSED,CLOSED,CLOSED,CLOSED,CLOSED,CLOSED,,YES,
New York,marist.edu,OPEN,OPEN,CLOSED,CLOSED,CLOSED,CLOSED,CLOSED,CLOSED,CLOSED,CLOSED,CLOSED,,,
New York,liu.edu,OPEN,OPEN,CLOSED,CLOSED,CLOSED,CLOSED,CLOSED,CLOSED,CLOSED,CLOSED,CLOSED,,,
New York,adelphi.edu,OPEN,OPEN,CLOSED,CLOSED,CLOSED,CLOSED,CLOSED,CLOSED,CLOSED,CLOSED,CLOSED,,,
New York,wagner.edu,OPEN,OPEN,CLOSED,CLOSED,CLOSED,CLOSED,CLOSED,CLOSED,CLOSED,CLOSED,CLOSED,,,
New York,pratt.edu,OPEN,OPEN,CLOSED,CLOSED,CLOSED,CLOSED,CLOSED,CLOSED,CLOSED,CLOSED,CLOSED,,,
New York,albany.edu,OPEN,OPEN,CLOSED,CLOSED,CLOSED,CLOSED,CLOSED,CLOSED,CLOSED,CLOSED,CLOSED,,,
New York,binghamton.edu,OPEN,OPEN,CLOSED,CLOSED,CLOSED,CLOSED,CLOSED,CLOSED,CLOSED,CLOSED,CLOSED,,,
New York,buffalo.edu,OPEN,OPEN,OPEN,CLOSED,CLOSED,CLOSED,CLOSED,CLOSED,CLOSED,CLOSED,CLOSED,YES,,
New York,stonybrook.edu,OPEN,OPEN,CLOSED,CLOSED,CLOSED,CLOSED,CLOSED,CLOSED,CLOSED,CLOSED,CLOSED,,,
New York,esf.edu,OPEN,OPEN,CLOSED,CLOSED,CLOSED,CLOSED,CLOSED,CLOSED,CLOSED,CLOSED,CLOSED,,,
New York,downstate.edu,OPEN,OPEN,CLOSED,CLOSED,CLOSED,CLOSED,CLOSED,CLOSED,CLOSED,CLOSED,CLOSED,,,
New York,sunypoly.edu,OPEN,OPEN,CLOSED,CLOSED,CLOSED,CLOSED,CLOSED,CLOSED,CLOSED,CLOSED,CLOSED,,,
New York,upstate.edu,OPEN,OPEN,CLOSED,CLOSED,CLOSED,CLOSED,CLOSED,CLOSED,CLOSED,CLOSED,CLOSED,,,
New York,sunyopt.edu,OPEN,OPEN,CLOSED,CLOSED,CLOSED,CLOSED,CLOSED,CLOSED,CLOSED,CLOSED,CLOSED,,,
New York,buffalostate.edu,OPEN,OPEN,CLOSED,CLOSED,CLOSED,CLOSED,CLOSED,CLOSED,CLOSED,CLOSED,CLOSED,,,
New York,esc.edu,OPEN,OPEN,CLOSED,CLOSED,CLOSED,CLOSED,CLOSED,CLOSED,CLOSED,CLOSED,CLOSED,,,
New York,brockport.edu,OPEN,OPEN,CLOSED,CLOSED,CLOSED,CLOSED,CLOSED,CLOSED,CLOSED,CLOSED,CLOSED,,,
New York,cortland.edu,OPEN,OPEN,CLOSED,CLOSED,CLOSED,CLOSED,CLOSED,CLOSED,CLOSED,CLOSED,CLOSED,,,
New York,fredonia.edu,OPEN,OPEN,CLOSED,CLOSED,CLOSED,CLOSED,CLOSED,CLOSED,CLOSED,CLOSED,CLOSED,,,
New York,geneseo.edu,OPEN,OPEN,CLOSED,CLOSED,CLOSED,CLOSED,CLOSED,CLOSED,CLOSED,CLOSED,CLOSED,,,
New York,newpaltz.edu,OPEN,OPEN,CLOSED,CLOSED,CLOSED,CLOSED,CLOSED,CLOSED,CLOSED,CLOSED,CLOSED,,,
New York,oldwestbury.edu,CLOSED,CLOSED,CLOSED,CLOSED,CLOSED,CLOSED,CLOSED,CLOSED,CLOSED,CLOSED,CLOSED,,YES,
New York,oneonta.edu,CLOSED,CLOSED,CLOSED,CLOSED,CLOSED,CLOSED,CLOSED,CLOSED,CLOSED,CLOSED,CLOSED,,YES,
New York,oswego.edu,OPEN,OPEN,CLOSED,CLOSED,CLOSED,CLOSED,CLOSED,CLOSED,CLOSED,CLOSED,CLOSED,,,
New York,plattsburgh.edu,OPEN,OPEN,CLOSED,CLOSED,CLOSED,CLOSED,CLOSED,CLOSED,CLOSED,CLOSED,CLOSED,,,
New York,potsdam.edu,OPEN,OPEN,CLOSED,CLOSED,CLOSED,CLOSED,CLOSED,CLOSED,CLOSED,CLOSED,CLOSED,,,
New York,purchase.edu,OPEN,OPEN,CLOSED,CLOSED,CLOSED,CLOSED,CLOSED,CLOSED,CLOSED,CLOSED,CLOSED,,,
New York,alfredstate.edu,OPEN,OPEN,CLOSED,CLOSED,CLOSED,CLOSED,CLOSED,CLOSED,CLOSED,CLOSED,CLOSED,,,
New York,farmingdale.edu,OPEN,OPEN,CLOSED,CLOSED,CLOSED,CLOSED,CLOSED,CLOSED,CLOSED,CLOSED,CLOSED,,,
New York,fitnyc.edu,OPEN,OPEN,CLOSED,CLOSED,CLOSED,CLOSED,CLOSED,CLOSED,CLOSED,CLOSED,CLOSED,,,
New York,canton.edu,OPEN,OPEN,CLOSED,CLOSED,CLOSED,CLOSED,CLOSED,CLOSED,CLOSED,CLOSED,CLOSED,,,
New York,cobleskill.edu,CLOSED,OPEN,CLOSED,CLOSED,CLOSED,CLOSED,CLOSED,CLOSED,CLOSED,CLOSED,CLOSED,,,
New York,delhi.edu,CLOSED,OPEN,CLOSED,CLOSED,CLOSED,CLOSED,CLOSED,CLOSED,CLOSED,CLOSED,CLOSED,,,
New York,sunymaritime.edu,OPEN,OPEN,CLOSED,CLOSED,CLOSED,CLOSED,CLOSED,CLOSED,CLOSED,CLOSED,CLOSED,,,
New York,morrisville.edu,OPEN,OPEN,CLOSED,CLOSED,CLOSED,CLOSED,CLOSED,CLOSED,CLOSED,CLOSED,CLOSED,,,
New York,sunyacc.edu,OPEN,OPEN,OPEN,OPEN,OPEN,CLOSED,OPEN,OPEN,OPEN,OPEN,OPEN,YES,,
New York,sunybroome.edu,OPEN,OPEN,CLOSED,CLOSED,CLOSED,CLOSED,CLOSED,CLOSED,CLOSED,CLOSED,CLOSED,,,
New York,cayuga-cc.edu,OPEN,OPEN,CLOSED,CLOSED,CLOSED,CLOSED,CLOSED,CLOSED,CLOSED,CLOSED,CLOSED,,,
New York,clinton.edu,OPEN,OPEN,CLOSED,CLOSED,CLOSED,CLOSED,CLOSED,CLOSED,CLOSED,CLOSED,CLOSED,,,
New York,sunycgcc.edu,OPEN,OPEN,CLOSED,CLOSED,CLOSED,CLOSED,CLOSED,CLOSED,CLOSED,CLOSED,CLOSED,,,
New York,corning-cc.edu,OPEN,OPEN,CLOSED,CLOSED,CLOSED,CLOSED,CLOSED,CLOSED,CLOSED,CLOSED,CLOSED,,,
New York,sunydutchess.edu,OPEN,OPEN,CLOSED,CLOSED,CLOSED,CLOSED,CLOSED,CLOSED,CLOSED,CLOSED,CLOSED,,,
New York,ecc.edu,OPEN,OPEN,CLOSED,CLOSED,CLOSED,CLOSED,CLOSED,CLOSED,CLOSED,CLOSED,CLOSED,,,
New York,fingerlakes.edu,OPEN,OPEN,CLOSED,CLOSED,CLOSED,CLOSED,CLOSED,CLOSED,CLOSED,CLOSED,CLOSED,,,
New York,fmcc.edu,OPEN,OPEN,CLOSED,CLOSED,CLOSED,CLOSED,CLOSED,CLOSED,CLOSED,CLOSED,CLOSED,,,
New York,genesee.edu,OPEN,OPEN,OPEN,CLOSED,OPEN,CLOSED,CLOSED,CLOSED,CLOSED,OPEN,OPEN,YES,,
New York,herkimer.edu,OPEN,OPEN,CLOSED,CLOSED,CLOSED,CLOSED,CLOSED,CLOSED,CLOSED,CLOSED,CLOSED,,,
New York,hvcc.edu,OPEN,OPEN,CLOSED,CLOSED,CLOSED,CLOSED,CLOSED,CLOSED,CLOSED,CLOSED,CLOSED,,,
New York,sunyjcc.edu,OPEN,OPEN,CLOSED,CLOSED,CLOSED,CLOSED,CLOSED,CLOSED,CLOSED,CLOSED,CLOSED,,,
New York,sunyjefferson.edu,OPEN,OPEN,CLOSED,CLOSED,CLOSED,CLOSED,CLOSED,CLOSED,CLOSED,CLOSED,CLOSED,,,
New York,mvcc.edu,OPEN,OPEN,CLOSED,CLOSED,CLOSED,CLOSED,CLOSED,CLOSED,CLOSED,CLOSED,CLOSED,,,
New York,monroecc.edu,CLOSED,CLOSED,CLOSED,CLOSED,CLOSED,CLOSED,CLOSED,CLOSED,CLOSED,CLOSED,CLOSED,,YES,
New York,ncc.edu,OPEN,OPEN,CLOSED,CLOSED,CLOSED,CLOSED,CLOSED,CLOSED,CLOSED,CLOSED,CLOSED,,,
New York,niagaracc.suny.edu,OPEN,OPEN,CLOSED,CLOSED,CLOSED,CLOSED,CLOSED,CLOSED,CLOSED,CLOSED,CLOSED,,,
New York,nccc.edu,OPEN,OPEN,CLOSED,CLOSED,CLOSED,CLOSED,CLOSED,CLOSED,CLOSED,CLOSED,CLOSED,,,
New York,sunyoce.edu,CLOSED,CLOSED,CLOSED,CLOSED,CLOSED,CLOSED,CLOSED,CLOSED,CLOSED,CLOSED,CLOSED,,YES,
New York,sunyorange.edu,OPEN,OPEN,OPEN,OPEN,OPEN,CLOSED,CLOSED,OPEN,OPEN,OPEN,OPEN,YES,,
New York,sunyrockland.edu,OPEN,OPEN,CLOSED,CLOSED,CLOSED,CLOSED,CLOSED,CLOSED,CLOSED,CLOSED,CLOSED,,,
New York,sunysccc.edu,OPEN,OPEN,CLOSED,CLOSED,CLOSED,CLOSED,CLOSED,CLOSED,CLOSED,CLOSED,CLOSED,,,
New York,sunysuffolk.edu,OPEN,OPEN,CLOSED,CLOSED,CLOSED,CLOSED,CLOSED,CLOSED,CLOSED,CLOSED,CLOSED,,,
New York,sullivan.suny.edu,CLOSED,CLOSED,CLOSED,CLOSED,CLOSED,CLOSED,CLOSED,CLOSED,CLOSED,CLOSED,CLOSED,,YES,
New York,tc3.edu,OPEN,OPEN,CLOSED,CLOSED,CLOSED,CLOSED,CLOSED,CLOSED,CLOSED,CLOSED,CLOSED,,,
New York,sunyulster.edu,OPEN,OPEN,CLOSED,CLOSED,CLOSED,CLOSED,OPEN,CLOSED,CLOSED,CLOSED,CLOSED,YES,,
New York,sunywcc.edu,OPEN,OPEN,CLOSED,CLOSED,CLOSED,CLOSED,CLOSED,CLOSED,CLOSED,CLOSED,CLOSED,,,
New York,baruch.cuny.edu,OPEN,OPEN,CLOSED,CLOSED,CLOSED,CLOSED,CLOSED,CLOSED,CLOSED,CLOSED,CLOSED,,,
New York,brooklyn.cuny.edu,OPEN,OPEN,CLOSED,CLOSED,CLOSED,CLOSED,CLOSED,CLOSED,CLOSED,CLOSED,CLOSED,,,
New York,ccny.cuny.edu,OPEN,OPEN,CLOSED,CLOSED,CLOSED,CLOSED,CLOSED,CLOSED,CLOSED,CLOSED,CLOSED,,,
New York,csi.cuny.edu,OPEN,OPEN,CLOSED,CLOSED,CLOSED,CLOSED,CLOSED,CLOSED,CLOSED,CLOSED,CLOSED,,,
New York,hunter.cuny.edu,OPEN,OPEN,CLOSED,CLOSED,CLOSED,CLOSED,CLOSED,CLOSED,CLOSED,CLOSED,CLOSED,,,
New York,jjay.cuny.edu,OPEN,OPEN,CLOSED,CLOSED,CLOSED,CLOSED,CLOSED,CLOSED,CLOSED,CLOSED,CLOSED,,,
New York,lehman.cuny.edu,CLOSED,CLOSED,CLOSED,CLOSED,CLOSED,CLOSED,CLOSED,CLOSED,CLOSED,CLOSED,CLOSED,,YES,
New York,mec.cuny.edu,OPEN,OPEN,CLOSED,CLOSED,CLOSED,CLOSED,CLOSED,CLOSED,CLOSED,CLOSED,CLOSED,,,
New York,citytech.cuny.edu,OPEN,OPEN,CLOSED,CLOSED,CLOSED,CLOSED,CLOSED,CLOSED,CLOSED,CLOSED,CLOSED,,,
New York,qc.cuny.edu,OPEN,OPEN,CLOSED,CLOSED,CLOSED,CLOSED,CLOSED,CLOSED,CLOSED,CLOSED,CLOSED,,,
New York,york.cuny.edu,OPEN,OPEN,CLOSED,CLOSED,CLOSED,CLOSED,CLOSED,CLOSED,CLOSED,CLOSED,CLOSED,,,
New York,bmcc.cuny.edu,CLOSED,CLOSED,CLOSED,CLOSED,CLOSED,CLOSED,CLOSED,CLOSED,CLOSED,CLOSED,CLOSED,,YES,
New York,bcc.cuny.edu,CLOSED,OPEN,CLOSED,CLOSED,CLOSED,CLOSED,CLOSED,CLOSED,CLOSED,CLOSED,CLOSED,,,
New York,guttman.cuny.edu,OPEN,OPEN,CLOSED,CLOSED,CLOSED,CLOSED,CLOSED,CLOSED,CLOSED,CLOSED,CLOSED,,,
New York,hostos.cuny.edu,OPEN,OPEN,CLOSED,CLOSED,CLOSED,CLOSED,CLOSED,CLOSED,CLOSED,CLOSED,CLOSED,,,
New York,kingsborough.edu,OPEN,OPEN,CLOSED,CLOSED,CLOSED,CLOSED,CLOSED,CLOSED,CLOSED,CLOSED,CLOSED,,,
New York,lagcc.cuny.edu,CLOSED,CLOSED,CLOSED,CLOSED,CLOSED,CLOSED,CLOSED,CLOSED,CLOSED,CLOSED,CLOSED,,YES,
New York,qcc.cuny.edu,CLOSED,CLOSED,CLOSED,CLOSED,CLOSED,CLOSED,CLOSED,CLOSED,CLOSED,CLOSED,CLOSED,,YES,
New York,gc.cuny.edu,OPEN,OPEN,CLOSED,CLOSED,CLOSED,CLOSED,CLOSED,CLOSED,CLOSED,CLOSED,CLOSED,,,
New York,law.cuny.edu,CLOSED,CLOSED,CLOSED,CLOSED,CLOSED,CLOSED,CLOSED,CLOSED,CLOSED,CLOSED,CLOSED,,YES,
New York,med.cuny.edu,OPEN,OPEN,CLOSED,CLOSED,CLOSED,CLOSED,CLOSED,CLOSED,CLOSED,CLOSED,CLOSED,,,
New York,sps.cuny.edu,OPEN,OPEN,CLOSED,CLOSED,CLOSED,CLOSED,CLOSED,CLOSED,CLOSED,CLOSED,CLOSED,,,
New York,sph.cuny.edu,OPEN,OPEN,CLOSED,CLOSED,CLOSED,CLOSED,CLOSED,CLOSED,CLOSED,CLOSED,CLOSED,,,
New York,columbia.edu,OPEN,OPEN,CLOSED,CLOSED,CLOSED,CLOSED,CLOSED,CLOSED,CLOSED,CLOSED,CLOSED,,,
New York,cornell.edu,OPEN,OPEN,CLOSED,CLOSED,CLOSED,CLOSED,CLOSED,CLOSED,CLOSED,CLOSED,CLOSED,,,
New York,nyu.edu,OPEN,OPEN,CLOSED,CLOSED,CLOSED,CLOSED,CLOSED,CLOSED,CLOSED,CLOSED,CLOSED,,,
New York,rochester.edu,OPEN,OPEN,CLOSED,CLOSED,CLOSED,CLOSED,CLOSED,CLOSED,CLOSED,CLOSED,CLOSED,,,
New York,syracuse.edu,OPEN,OPEN,CLOSED,CLOSED,CLOSED,CLOSED,CLOSED,CLOSED,CLOSED,CLOSED,CLOSED,,,
New York,rpi.edu,OPEN,OPEN,CLOSED,CLOSED,CLOSED,CLOSED,CLOSED,CLOSED,CLOSED,CLOSED,CLOSED,,,
New York,rit.edu,OPEN,OPEN,CLOSED,CLOSED,CLOSED,CLOSED,CLOSED,CLOSED,CLOSED,CLOSED,CLOSED,,,
New York,clarkson.edu,OPEN,OPEN,CLOSED,CLOSED,CLOSED,CLOSED,CLOSED,CLOSED,CLOSED,CLOSED,CLOSED,,,
New York,barnard.edu,OPEN,OPEN,CLOSED,CLOSED,CLOSED,CLOSED,CLOSED,CLOSED,CLOSED,CLOSED,CLOSED,,,
New York,vassar.edu,OPEN,OPEN,CLOSED,CLOSED,CLOSED,CLOSED,CLOSED,CLOSED,CLOSED,CLOSED,CLOSED,,,
New York,skidmore.edu,OPEN,OPEN,CLOSED,CLOSED,CLOSED,CLOSED,CLOSED,CLOSED,CLOSED,CLOSED,CLOSED,,,
New York,colgate.edu,OPEN,OPEN,CLOSED,CLOSED,CLOSED,CLOSED,CLOSED,CLOSED,CLOSED,CLOSED,CLOSED,,,
New York,hamilton.edu,OPEN,OPEN,CLOSED,CLOSED,CLOSED,CLOSED,CLOSED,CLOSED,CLOSED,CLOSED,CLOSED,,,
New York,bard.edu,OPEN,OPEN,CLOSED,CLOSED,CLOSED,CLOSED,CLOSED,CLOSED,CLOSED,CLOSED,CLOSED,,,
New York,sarahlawrence.edu,OPEN,OPEN,CLOSED,CLOSED,CLOSED,CLOSED,OPEN,CLOSED,CLOSED,CLOSED,CLOSED,YES,,
New York,hws.edu,OPEN,OPEN,CLOSED,CLOSED,CLOSED,CLOSED,CLOSED,CLOSED,CLOSED,CLOSED,CLOSED,,,
New York,union.edu,OPEN,OPEN,CLOSED,CLOSED,CLOSED,CLOSED,CLOSED,CLOSED,CLOSED,CLOSED,CLOSED,,,
New York,fordham.edu,OPEN,OPEN,CLOSED,CLOSED,CLOSED,CLOSED,CLOSED,CLOSED,CLOSED,CLOSED,CLOSED,,,
New York,canisius.edu,OPEN,OPEN,CLOSED,CLOSED,CLOSED,CLOSED,CLOSED,CLOSED,CLOSED,CLOSED,CLOSED,,,
New York,lemoyne.edu,OPEN,OPEN,CLOSED,CLOSED,CLOSED,CLOSED,CLOSED,CLOSED,CLOSED,CLOSED,CLOSED,,,
New York,sbu.edu,OPEN,OPEN,CLOSED,CLOSED,CLOSED,CLOSED,CLOSED,CLOSED,CLOSED,CLOSED,CLOSED,,,
New York,stjohns.edu,OPEN,OPEN,CLOSED,CLOSED,CLOSED,CLOSED,CLOSED,CLOSED,CLOSED,CLOSED,CLOSED,,,
New York,manhattan.edu,OPEN,OPEN,CLOSED,CLOSED,CLOSED,CLOSED,CLOSED,CLOSED,CLOSED,CLOSED,CLOSED,,,
New York,iona.edu,OPEN,OPEN,CLOSED,CLOSED,CLOSED,CLOSED,CLOSED,CLOSED,CLOSED,CLOSED,CLOSED,,,
New York,siena.edu,OPEN,OPEN,CLOSED,CLOSED,CLOSED,CLOSED,CLOSED,CLOSED,CLOSED,CLOSED,CLOSED,,,
New York,hofstra.edu,OPEN,OPEN,CLOSED,CLOSED,CLOSED,CLOSED,CLOSED,CLOSED,CLOSED,CLOSED,CLOSED,,,
New York,pace.edu,OPEN,OPEN,CLOSED,CLOSED,CLOSED,CLOSED,CLOSED,CLOSED,CLOSED,CLOSED,CLOSED,,,
New York,newschool.edu,OPEN,OPEN,OPEN,CLOSED,CLOSED,CLOSED,CLOSED,CLOSED,CLOSED,CLOSED,CLOSED,YES,,
New York,sva.edu,OPEN,OPEN,CLOSED,CLOSED,CLOSED,CLOSED,CLOSED,CLOSED,CLOSED,CLOSED,CLOSED,,,
New York,parsons.edu,OPEN,OPEN,CLOSED,CLOSED,CLOSED,CLOSED,CLOSED,CLOSED,CLOSED,CLOSED,CLOSED,,,
New York,touro.edu,OPEN,OPEN,CLOSED,CLOSED,CLOSED,CLOSED,CLOSED,CLOSED,CLOSED,CLOSED,CLOSED,,,
New York,westpoint.edu,OPEN,OPEN,CLOSED,CLOSED,CLOSED,CLOSED,CLOSED,CLOSED,CLOSED,CLOSED,CLOSED,,,
New York,usmma.edu,CLOSED,CLOSED,CLOSED,CLOSED,CLOSED,CLOSED,CLOSED,CLOSED,CLOSED,CLOSED,CLOSED,,YES,
Texas,lee.edu,OPEN,OPEN,CLOSED,CLOSED,CLOSED,CLOSED,CLOSED,CLOSED,CLOSED,CLOSED,CLOSED,,,
Texas,lonestar.edu,OPEN,OPEN,CLOSED,CLOSED,CLOSED,CLOSED,CLOSED,CLOSED,CLOSED,CLOSED,CLOSED,,,
Texas,lubbockchristian.edu,CLOSED,CLOSED,CLOSED,CLOSED,CLOSED,CLOSED,CLOSED,CLOSED,CLOSED,CLOSED,CLOSED,,YES,
Texas,mclennan.edu,OPEN,OPEN,CLOSED,OPEN,OPEN,CLOSED,OPEN,OPEN,OPEN,OPEN,OPEN,YES,,
Texas,mcm.edu,OPEN,OPEN,CLOSED,CLOSED,CLOSED,CLOSED,CLOSED,CLOSED,CLOSED,CLOSED,CLOSED,,,
Texas,midland.edu,OPEN,OPEN,CLOSED,CLOSED,CLOSED,CLOSED,CLOSED,CLOSED,CLOSED,CLOSED,CLOSED,,,
Texas,msutexas.edu,OPEN,OPEN,CLOSED,CLOSED,CLOSED,CLOSED,CLOSED,CLOSED,CLOSED,CLOSED,CLOSED,,,
Texas,navarrocollege.edu,OPEN,OPEN,CLOSED,CLOSED,CLOSED,CLOSED,CLOSED,CLOSED,CLOSED,CLOSED,CLOSED,,,
Texas,northlakecollege.edu,CLOSED,CLOSED,CLOSED,CLOSED,CLOSED,CLOSED,CLOSED,CLOSED,CLOSED,CLOSED,CLOSED,,YES,
Texas,odessa.edu,OPEN,OPEN,CLOSED,CLOSED,CLOSED,CLOSED,CLOSED,CLOSED,CLOSED,CLOSED,CLOSED,,,
Texas,panola.edu,OPEN,OPEN,CLOSED,CLOSED,CLOSED,CLOSED,CLOSED,CLOSED,CLOSED,CLOSED,CLOSED,,,
Texas,parisjc.edu,OPEN,OPEN,CLOSED,CLOSED,CLOSED,CLOSED,CLOSED,CLOSED,CLOSED,CLOSED,CLOSED,,,
Texas,pbcc.edu,CLOSED,CLOSED,CLOSED,CLOSED,CLOSED,CLOSED,CLOSED,CLOSED,CLOSED,CLOSED,CLOSED,,YES,
Texas,pvamu.edu,OPEN,OPEN,CLOSED,CLOSED,CLOSED,CLOSED,CLOSED,CLOSED,CLOSED,CLOSED,CLOSED,,,
Texas,rangercollege.edu,OPEN,OPEN,CLOSED,CLOSED,CLOSED,CLOSED,CLOSED,CLOSED,CLOSED,CLOSED,CLOSED,,,
Texas,rice.edu,OPEN,OPEN,CLOSED,CLOSED,CLOSED,CLOSED,CLOSED,CLOSED,CLOSED,CLOSED,CLOSED,,,
Texas,richlandcollege.edu,CLOSED,CLOSED,CLOSED,CLOSED,CLOSED,CLOSED,CLOSED,CLOSED,CLOSED,CLOSED,CLOSED,,YES,
Texas,samhouston.edu,CLOSED,CLOSED,CLOSED,CLOSED,CLOSED,CLOSED,CLOSED,CLOSED,CLOSED,CLOSED,CLOSED,,YES,
Texas,sanjac.edu,OPEN,OPEN,CLOSED,CLOSED,CLOSED,CLOSED,CLOSED,CLOSED,CLOSED,CLOSED,CLOSED,,,
Texas,schreiner.edu,OPEN,OPEN,CLOSED,CLOSED,CLOSED,CLOSED,CLOSED,CLOSED,CLOSED,CLOSED,CLOSED,,,
Texas,southplainscollege.edu,OPEN,OPEN,CLOSED,CLOSED,CLOSED,CLOSED,CLOSED,CLOSED,CLOSED,CLOSED,CLOSED,,,
Texas,southtexascollege.edu,OPEN,OPEN,CLOSED,OPEN,OPEN,OPEN,OPEN,OPEN,OPEN,OPEN,OPEN,YES,,
Texas,sfasu.edu,OPEN,OPEN,CLOSED,CLOSED,CLOSED,CLOSED,CLOSED,CLOSED,CLOSED,CLOSED,CLOSED,,,
Texas,shsu.edu,OPEN,OPEN,CLOSED,CLOSED,CLOSED,CLOSED,CLOSED,CLOSED,CLOSED,CLOSED,CLOSED,,,
Texas,smu.edu,OPEN,OPEN,CLOSED,CLOSED,CLOSED,CLOSED,CLOSED,CLOSED,CLOSED,CLOSED,CLOSED,,,
Texas,southtexascollege.edu,OPEN,OPEN,CLOSED,OPEN,OPEN,OPEN,OPEN,OPEN,OPEN,OPEN,OPEN,YES,,
Texas,southwestern.edu,OPEN,OPEN,CLOSED,CLOSED,CLOSED,CLOSED,CLOSED,CLOSED,CLOSED,CLOSED,CLOSED,,,
Texas,sulross.edu,OPEN,OPEN,CLOSED,CLOSED,CLOSED,CLOSED,CLOSED,CLOSED,CLOSED,CLOSED,CLOSED,,,
Texas,swau.edu,OPEN,OPEN,CLOSED,CLOSED,CLOSED,CLOSED,CLOSED,CLOSED,CLOSED,CLOSED,CLOSED,,,
Texas,tamu.edu,OPEN,OPEN,CLOSED,CLOSED,CLOSED,CLOSED,CLOSED,CLOSED,CLOSED,CLOSED,CLOSED,,,
Texas,tamuc.edu,OPEN,OPEN,CLOSED,CLOSED,CLOSED,CLOSED,CLOSED,CLOSED,CLOSED,CLOSED,CLOSED,,,
Texas,tamut.edu,OPEN,OPEN,CLOSED,CLOSED,CLOSED,CLOSED,CLOSED,CLOSED,CLOSED,CLOSED,CLOSED,,,
Texas,tarleton.edu,OPEN,OPEN,CLOSED,CLOSED,CLOSED,CLOSED,CLOSED,CLOSED,CLOSED,CLOSED,CLOSED,,,
Texas,tccd.edu,OPEN,OPEN,CLOSED,CLOSED,CLOSED,CLOSED,CLOSED,CLOSED,CLOSED,CLOSED,CLOSED,,,
Texas,templejc.edu,OPEN,OPEN,CLOSED,CLOSED,CLOSED,CLOSED,CLOSED,CLOSED,CLOSED,CLOSED,CLOSED,,,
Texas,texarkanacollege.edu,OPEN,OPEN,CLOSED,CLOSED,CLOSED,CLOSED,CLOSED,CLOSED,CLOSED,CLOSED,CLOSED,,,
Texas,texastech.edu,OPEN,OPEN,CLOSED,CLOSED,CLOSED,CLOSED,CLOSED,CLOSED,CLOSED,CLOSED,CLOSED,,,
Texas,texascollege.edu,OPEN,OPEN,CLOSED,CLOSED,CLOSED,CLOSED,CLOSED,CLOSED,CLOSED,CLOSED,CLOSED,,,
Texas,tlu.edu,OPEN,OPEN,CLOSED,CLOSED,CLOSED,CLOSED,CLOSED,CLOSED,CLOSED,CLOSED,CLOSED,,,
Texas,tsu.edu,OPEN,OPEN,CLOSED,CLOSED,CLOSED,CLOSED,CLOSED,CLOSED,CLOSED,CLOSED,CLOSED,,,
Texas,ttu.edu,OPEN,OPEN,CLOSED,CLOSED,CLOSED,CLOSED,CLOSED,CLOSED,CLOSED,CLOSED,CLOSED,,,
Texas,twu.edu,OPEN,OPEN,CLOSED,CLOSED,CLOSED,CLOSED,CLOSED,CLOSED,CLOSED,CLOSED,CLOSED,,,
Texas,txstate.edu,OPEN,OPEN,CLOSED,CLOSED,CLOSED,CLOSED,CLOSED,CLOSED,CLOSED,CLOSED,CLOSED,,,
Texas,txwes.edu,OPEN,OPEN,CLOSED,CLOSED,CLOSED,CLOSED,CLOSED,CLOSED,CLOSED,CLOSED,CLOSED,,,
Texas,txwcs.edu,CLOSED,CLOSED,CLOSED,CLOSED,CLOSED,CLOSED,CLOSED,CLOSED,CLOSED,CLOSED,CLOSED,,YES,
Texas,uh.edu,OPEN,OPEN,CLOSED,CLOSED,CLOSED,CLOSED,CLOSED,CLOSED,CLOSED,CLOSED,CLOSED,,,
Texas,uhcl.edu,OPEN,OPEN,CLOSED,CLOSED,CLOSED,CLOSED,CLOSED,CLOSED,CLOSED,CLOSED,CLOSED,,,
Texas,uhd.edu,OPEN,OPEN,CLOSED,CLOSED,CLOSED,CLOSED,CLOSED,CLOSED,CLOSED,CLOSED,CLOSED,,,
Texas,uhv.edu,OPEN,OPEN,CLOSED,CLOSED,CLOSED,CLOSED,CLOSED,CLOSED,CLOSED,CLOSED,CLOSED,,,
Texas,uiw.edu,OPEN,OPEN,CLOSED,CLOSED,CLOSED,CLOSED,CLOSED,CLOSED,CLOSED,CLOSED,CLOSED,,,
Texas,unt.edu,OPEN,OPEN,CLOSED,CLOSED,CLOSED,CLOSED,CLOSED,CLOSED,CLOSED,CLOSED,CLOSED,,,
Texas,utpb.edu,OPEN,OPEN,CLOSED,CLOSED,CLOSED,CLOSED,CLOSED,CLOSED,CLOSED,CLOSED,CLOSED,,,
Texas,utrgv.edu,OPEN,OPEN,CLOSED,CLOSED,CLOSED,CLOSED,CLOSED,CLOSED,CLOSED,CLOSED,CLOSED,,,
Texas,utsa.edu,OPEN,OPEN,CLOSED,CLOSED,CLOSED,CLOSED,CLOSED,CLOSED,CLOSED,CLOSED,CLOSED,,,
Texas,utexas.edu,OPEN,OPEN,CLOSED,CLOSED,CLOSED,CLOSED,CLOSED,CLOSED,CLOSED,CLOSED,CLOSED,,,
Texas,uttyler.edu,OPEN,OPEN,CLOSED,CLOSED,CLOSED,CLOSED,CLOSED,CLOSED,CLOSED,CLOSED,CLOSED,,,
Texas,victoriacollege.edu,OPEN,OPEN,CLOSED,CLOSED,CLOSED,CLOSED,CLOSED,CLOSED,CLOSED,CLOSED,CLOSED,,,
Texas,wbu.edu,OPEN,OPEN,CLOSED,CLOSED,CLOSED,CLOSED,CLOSED,CLOSED,CLOSED,CLOSED,CLOSED,,,
Texas,wc.edu,OPEN,OPEN,CLOSED,CLOSED,CLOSED,CLOSED,CLOSED,CLOSED,CLOSED,CLOSED,CLOSED,,,
Texas,wtamu.edu,OPEN,OPEN,CLOSED,CLOSED,CLOSED,CLOSED,CLOSED,CLOSED,CLOSED,CLOSED,CLOSED,,,
Texas,whartoncc.edu,CLOSED,CLOSED,CLOSED,CLOSED,CLOSED,CLOSED,CLOSED,CLOSED,CLOSED,CLOSED,CLOSED,,YES,
Texas,actx.edu,CLOSED,CLOSED,CLOSED,CLOSED,CLOSED,CLOSED,CLOSED,CLOSED,CLOSED,CLOSED,CLOSED,,YES,
Texas,alamo.edu,OPEN,OPEN,CLOSED,OPEN,OPEN,OPEN,OPEN,OPEN,OPEN,OPEN,OPEN,YES,,
Texas,alvincollege.edu,OPEN,OPEN,CLOSED,CLOSED,CLOSED,CLOSED,CLOSED,CLOSED,CLOSED,CLOSED,CLOSED,,,
Texas,angelina.edu,OPEN,OPEN,CLOSED,CLOSED,CLOSED,CLOSED,CLOSED,CLOSED,CLOSED,CLOSED,CLOSED,,,
Texas,austincc.edu,OPEN,OPEN,CLOSED,CLOSED,CLOSED,CLOSED,CLOSED,CLOSED,CLOSED,CLOSED,CLOSED,,,
Texas,austincollege.edu,OPEN,OPEN,CLOSED,CLOSED,CLOSED,CLOSED,CLOSED,CLOSED,CLOSED,CLOSED,CLOSED,,,
Texas,baylor.edu,OPEN,OPEN,CLOSED,OPEN,OPEN,OPEN,OPEN,OPEN,OPEN,OPEN,OPEN,YES,,
Texas,blinn.edu,OPEN,OPEN,CLOSED,CLOSED,CLOSED,CLOSED,CLOSED,CLOSED,CLOSED,CLOSED,CLOSED,,,
Texas,brazosport.edu,OPEN,OPEN,CLOSED,CLOSED,CLOSED,CLOSED,CLOSED,CLOSED,CLOSED,CLOSED,CLOSED,,,
Texas,brookhavencollege.edu,CLOSED,CLOSED,CLOSED,CLOSED,CLOSED,CLOSED,CLOSED,CLOSED,CLOSED,CLOSED,CLOSED,,YES,
Texas,cccti.edu,OPEN,OPEN,CLOSED,OPEN,OPEN,OPEN,CLOSED,OPEN,OPEN,OPEN,OPEN,YES,,
Texas,central.uh.edu,CLOSED,CLOSED,CLOSED,OPEN,OPEN,CLOSED,CLOSED,CLOSED,CLOSED,OPEN,OPEN,YES,YES,
Texas,centraltexascollege.edu,CLOSED,CLOSED,CLOSED,CLOSED,CLOSED,CLOSED,CLOSED,CLOSED,CLOSED,CLOSED,CLOSED,,YES,
Texas,cis.edu,CLOSED,CLOSED,CLOSED,CLOSED,CLOSED,CLOSED,CLOSED,CLOSED,CLOSED,CLOSED,CLOSED,,YES,
Texas,clarendoncollege.edu,OPEN,OPEN,CLOSED,CLOSED,CLOSED,CLOSED,CLOSED,CLOSED,CLOSED,CLOSED,CLOSED,,,
Texas,coastalbend.edu,OPEN,OPEN,CLOSED,CLOSED,CLOSED,CLOSED,CLOSED,CLOSED,CLOSED,CLOSED,CLOSED,,,
Texas,collin.edu,OPEN,OPEN,CLOSED,CLOSED,CLOSED,CLOSED,CLOSED,CLOSED,CLOSED,CLOSED,CLOSED,,,
Texas,concordia.edu,OPEN,OPEN,CLOSED,CLOSED,CLOSED,CLOSED,CLOSED,CLOSED,CLOSED,CLOSED,CLOSED,,,
Texas,dallascollege.edu,OPEN,OPEN,CLOSED,CLOSED,CLOSED,CLOSED,CLOSED,CLOSED,CLOSED,CLOSED,CLOSED,,,
Texas,delmar.edu,OPEN,OPEN,CLOSED,CLOSED,CLOSED,CLOSED,CLOSED,CLOSED,CLOSED,CLOSED,CLOSED,,,
Texas,eastfieldcollege.edu,CLOSED,CLOSED,CLOSED,CLOSED,CLOSED,CLOSED,CLOSED,CLOSED,CLOSED,CLOSED,CLOSED,,YES,
Texas,easttexasbaptist.edu,CLOSED,CLOSED,CLOSED,CLOSED,CLOSED,CLOSED,CLOSED,CLOSED,CLOSED,CLOSED,CLOSED,,YES,
Texas,elcentrocollege.edu,CLOSED,CLOSED,CLOSED,CLOSED,CLOSED,CLOSED,CLOSED,CLOSED,CLOSED,CLOSED,CLOSED,,YES,
Texas,etbu.edu,OPEN,OPEN,CLOSED,CLOSED,CLOSED,CLOSED,CLOSED,CLOSED,CLOSED,CLOSED,CLOSED,,,
Texas,frankphillips.edu,CLOSED,CLOSED,CLOSED,CLOSED,CLOSED,CLOSED,CLOSED,CLOSED,CLOSED,CLOSED,CLOSED,,YES,
Texas,galvestoncollege.edu,CLOSED,CLOSED,CLOSED,CLOSED,CLOSED,CLOSED,CLOSED,CLOSED,CLOSED,CLOSED,CLOSED,,YES,
Texas,grayson.edu,OPEN,OPEN,CLOSED,CLOSED,CLOSED,CLOSED,CLOSED,CLOSED,CLOSED,CLOSED,CLOSED,,,
Texas,hillcollege.edu,OPEN,OPEN,CLOSED,CLOSED,CLOSED,CLOSED,CLOSED,CLOSED,CLOSED,CLOSED,CLOSED,,,
Texas,hccs.edu,OPEN,OPEN,CLOSED,CLOSED,CLOSED,CLOSED,CLOSED,CLOSED,CLOSED,CLOSED,CLOSED,,,
Texas,howardcollege.edu,OPEN,OPEN,CLOSED,CLOSED,CLOSED,CLOSED,CLOSED,CLOSED,CLOSED,CLOSED,CLOSED,,,
Texas,hputx.edu,OPEN,OPEN,CLOSED,CLOSED,CLOSED,CLOSED,CLOSED,CLOSED,CLOSED,CLOSED,CLOSED,,,
Texas,hstc.edu,CLOSED,CLOSED,CLOSED,CLOSED,CLOSED,CLOSED,CLOSED,CLOSED,CLOSED,CLOSED,CLOSED,,YES,
Texas,htu.edu,OPEN,OPEN,CLOSED,OPEN,OPEN,CLOSED,OPEN,OPEN,OPEN,OPEN,OPEN,YES,,
Texas,kilgore.edu,OPEN,OPEN,CLOSED,CLOSED,CLOSED,CLOSED,CLOSED,CLOSED,CLOSED,CLOSED,CLOSED,,,
Texas,lamar.edu,OPEN,OPEN,CLOSED,CLOSED,CLOSED,CLOSED,CLOSED,CLOSED,CLOSED,CLOSED,CLOSED,,,
Texas,lamarpa.edu,OPEN,OPEN,CLOSED,CLOSED,CLOSED,CLOSED,CLOSED,CLOSED,CLOSED,CLOSED,CLOSED,,,
Texas,lamarpa.edu,OPEN,OPEN,CLOSED,CLOSED,CLOSED,CLOSED,CLOSED,CLOSED,CLOSED,CLOSED,CLOSED,,,
Texas,lamar.edu,OPEN,OPEN,CLOSED,CLOSED,CLOSED,CLOSED,CLOSED,CLOSED,CLOSED,CLOSED,CLOSED,,,
Texas,laredo.edu,CLOSED,CLOSED,CLOSED,CLOSED,CLOSED,CLOSED,CLOSED,CLOSED,CLOSED,CLOSED,CLOSED,,YES,
California,berkeley.edu,OPEN,SKIP,CLOSED,SKIP,CLOSED,CLOSED,CLOSED,CLOSED,CLOSED,CLOSED,CLOSED,,,YES
California,ucdavis.edu,OPEN,OPEN,CLOSED,CLOSED,CLOSED,CLOSED,CLOSED,CLOSED,CLOSED,CLOSED,CLOSED,,,
California,uci.edu,OPEN,OPEN,CLOSED,CLOSED,CLOSED,CLOSED,CLOSED,CLOSED,CLOSED,CLOSED,CLOSED,,,
California,ucla.edu,OPEN,OPEN,CLOSED,CLOSED,CLOSED,CLOSED,CLOSED,CLOSED,CLOSED,CLOSED,CLOSED,,,
California,ucmerced.edu,OPEN,CLOSED,CLOSED,CLOSED,CLOSED,CLOSED,CLOSED,CLOSED,CLOSED,CLOSED,CLOSED,,,
California,ucr.edu,OPEN,OPEN,CLOSED,CLOSED,CLOSED,CLOSED,CLOSED,CLOSED,CLOSED,CLOSED,CLOSED,,,
California,ucsd.edu,OPEN,OPEN,CLOSED,CLOSED,CLOSED,CLOSED,CLOSED,CLOSED,CLOSED,CLOSED,CLOSED,,,
California,ucsf.edu,OPEN,OPEN,CLOSED,CLOSED,CLOSED,CLOSED,CLOSED,CLOSED,CLOSED,CLOSED,CLOSED,,,
California,ucsb.edu,OPEN,OPEN,CLOSED,CLOSED,CLOSED,CLOSED,CLOSED,CLOSED,CLOSED,CLOSED,CLOSED,,,
California,ucsc.edu,OPEN,OPEN,CLOSED,CLOSED,CLOSED,CLOSED,CLOSED,CLOSED,CLOSED,CLOSED,CLOSED,,,
California,csub.edu,OPEN,OPEN,CLOSED,CLOSED,CLOSED,CLOSED,CLOSED,CLOSED,CLOSED,CLOSED,CLOSED,,,
California,csuci.edu,OPEN,OPEN,CLOSED,CLOSED,CLOSED,CLOSED,CLOSED,CLOSED,CLOSED,CLOSED,CLOSED,,,
California,csuchico.edu,CLOSED,CLOSED,CLOSED,CLOSED,CLOSED,CLOSED,CLOSED,CLOSED,CLOSED,CLOSED,CLOSED,,YES,
California,csudh.edu,OPEN,OPEN,CLOSED,CLOSED,CLOSED,CLOSED,CLOSED,CLOSED,CLOSED,CLOSED,CLOSED,,,
California,csueastbay.edu,OPEN,OPEN,CLOSED,CLOSED,CLOSED,CLOSED,CLOSED,CLOSED,CLOSED,CLOSED,CLOSED,,,
California,fresnostate.edu,OPEN,OPEN,CLOSED,CLOSED,CLOSED,CLOSED,CLOSED,CLOSED,CLOSED,CLOSED,CLOSED,,,
California,fullerton.edu,OPEN,OPEN,CLOSED,CLOSED,CLOSED,CLOSED,CLOSED,CLOSED,CLOSED,CLOSED,CLOSED,,,
California,csulb.edu,OPEN,OPEN,CLOSED,CLOSED,CLOSED,CLOSED,CLOSED,CLOSED,CLOSED,CLOSED,CLOSED,,,
California,calstatela.edu,OPEN,OPEN,CLOSED,CLOSED,CLOSED,CLOSED,CLOSED,CLOSED,CLOSED,CLOSED,CLOSED,,,
California,csum.edu,OPEN,OPEN,CLOSED,CLOSED,CLOSED,CLOSED,CLOSED,CLOSED,CLOSED,CLOSED,CLOSED,,,
California,csumb.edu,OPEN,OPEN,CLOSED,CLOSED,CLOSED,CLOSED,CLOSED,CLOSED,CLOSED,CLOSED,CLOSED,,,
California,csun.edu,OPEN,OPEN,CLOSED,CLOSED,CLOSED,CLOSED,CLOSED,CLOSED,CLOSED,CLOSED,CLOSED,,,
California,csus.edu,OPEN,OPEN,CLOSED,CLOSED,CLOSED,CLOSED,CLOSED,CLOSED,CLOSED,CLOSED,CLOSED,,,
California,csusb.edu,OPEN,OPEN,CLOSED,CLOSED,CLOSED,CLOSED,CLOSED,CLOSED,CLOSED,CLOSED,CLOSED,,,
California,csusm.edu,OPEN,OPEN,CLOSED,CLOSED,CLOSED,CLOSED,CLOSED,CLOSED,CLOSED,CLOSED,CLOSED,,,
California,csustan.edu,OPEN,OPEN,CLOSED,CLOSED,CLOSED,CLOSED,CLOSED,CLOSED,CLOSED,CLOSED,CLOSED,,,
California,calpoly.edu,OPEN,OPEN,CLOSED,CLOSED,CLOSED,CLOSED,CLOSED,CLOSED,CLOSED,CLOSED,CLOSED,,,
California,cpp.edu,OPEN,OPEN,CLOSED,CLOSED,CLOSED,CLOSED,CLOSED,CLOSED,CLOSED,CLOSED,CLOSED,,,
California,humboldt.edu,OPEN,OPEN,CLOSED,CLOSED,CLOSED,CLOSED,CLOSED,CLOSED,CLOSED,CLOSED,CLOSED,,,
California,sdsu.edu,OPEN,OPEN,CLOSED,CLOSED,CLOSED,CLOSED,CLOSED,CLOSED,CLOSED,CLOSED,CLOSED,,,
California,sfsu.edu,OPEN,OPEN,CLOSED,CLOSED,CLOSED,CLOSED,CLOSED,CLOSED,CLOSED,CLOSED,CLOSED,,,
California,sjsu.edu,OPEN,OPEN,CLOSED,CLOSED,CLOSED,CLOSED,CLOSED,CLOSED,CLOSED,CLOSED,CLOSED,,,
California,sonoma.edu,OPEN,OPEN,CLOSED,CLOSED,CLOSED,CLOSED,CLOSED,CLOSED,CLOSED,CLOSED,CLOSED,,,
California,nps.edu,OPEN,OPEN,CLOSED,CLOSED,CLOSED,CLOSED,CLOSED,CLOSED,CLOSED,CLOSED,CLOSED,,,
California,uchastings.edu,OPEN,OPEN,CLOSED,CLOSED,CLOSED,CLOSED,CLOSED,CLOSED,CLOSED,CLOSED,CLOSED,,,
California,nps.edu,OPEN,OPEN,CLOSED,CLOSED,CLOSED,CLOSED,CLOSED,CLOSED,CLOSED,CLOSED,CLOSED,,,
California,uchastings.edu,OPEN,OPEN,CLOSED,CLOSED,CLOSED,CLOSED,CLOSED,CLOSED,CLOSED,CLOSED,CLOSED,,,
California,stanford.edu,OPEN,OPEN,CLOSED,CLOSED,CLOSED,CLOSED,CLOSED,CLOSED,CLOSED,CLOSED,CLOSED,,,
California,usc.edu,OPEN,OPEN,CLOSED,CLOSED,CLOSED,CLOSED,CLOSED,CLOSED,CLOSED,CLOSED,CLOSED,,,
California,caltech.edu,OPEN,OPEN,CLOSED,CLOSED,CLOSED,CLOSED,CLOSED,CLOSED,CLOSED,CLOSED,CLOSED,,,
California,usfca.edu,OPEN,OPEN,CLOSED,CLOSED,CLOSED,CLOSED,CLOSED,CLOSED,CLOSED,CLOSED,CLOSED,,,
California,scu.edu,OPEN,OPEN,CLOSED,CLOSED,CLOSED,CLOSED,CLOSED,CLOSED,CLOSED,CLOSED,CLOSED,,,
California,pepperdine.edu,OPEN,OPEN,OPEN,OPEN,OPEN,OPEN,OPEN,OPEN,OPEN,OPEN,OPEN,YES,,
California,pacific.edu,OPEN,OPEN,CLOSED,CLOSED,CLOSED,CLOSED,CLOSED,CLOSED,CLOSED,CLOSED,CLOSED,,,
California,sandiego.edu,OPEN,OPEN,CLOSED,CLOSED,CLOSED,CLOSED,CLOSED,CLOSED,CLOSED,CLOSED,CLOSED,,,
California,chapman.edu,OPEN,OPEN,CLOSED,CLOSED,CLOSED,CLOSED,CLOSED,CLOSED,CLOSED,CLOSED,CLOSED,,,
California,lmu.edu,OPEN,OPEN,CLOSED,CLOSED,CLOSED,CLOSED,CLOSED,CLOSED,CLOSED,CLOSED,CLOSED,,,
California,pomona.edu,OPEN,OPEN,CLOSED,CLOSED,CLOSED,CLOSED,CLOSED,CLOSED,CLOSED,CLOSED,CLOSED,,,
California,cmc.edu,OPEN,OPEN,CLOSED,CLOSED,CLOSED,CLOSED,CLOSED,CLOSED,CLOSED,CLOSED,CLOSED,,,
California,hmc.edu,OPEN,OPEN,OPEN,CLOSED,OPEN,CLOSED,CLOSED,CLOSED,CLOSED,CLOSED,CLOSED,YES,,
California,scrippscollege.edu,OPEN,OPEN,CLOSED,CLOSED,CLOSED,CLOSED,CLOSED,CLOSED,CLOSED,CLOSED,CLOSED,,,
California,pitzer.edu,CLOSED,CLOSED,CLOSED,CLOSED,CLOSED,CLOSED,CLOSED,CLOSED,CLOSED,CLOSED,CLOSED,,YES,
California,oxy.edu,OPEN,OPEN,CLOSED,CLOSED,CLOSED,CLOSED,CLOSED,CLOSED,CLOSED,CLOSED,CLOSED,,,
California,mills.edu,OPEN,OPEN,CLOSED,CLOSED,CLOSED,CLOSED,CLOSED,CLOSED,CLOSED,CLOSED,CLOSED,,,
California,westmont.edu,OPEN,OPEN,CLOSED,CLOSED,CLOSED,CLOSED,CLOSED,CLOSED,CLOSED,CLOSED,CLOSED,,,
California,whittier.edu,OPEN,OPEN,CLOSED,CLOSED,CLOSED,CLOSED,CLOSED,CLOSED,CLOSED,CLOSED,CLOSED,,,
California,artcenter.edu,OPEN,OPEN,CLOSED,CLOSED,CLOSED,CLOSED,CLOSED,CLOSED,CLOSED,CLOSED,CLOSED,,,
California,cca.edu,OPEN,OPEN,CLOSED,CLOSED,CLOSED,CLOSED,CLOSED,CLOSED,CLOSED,CLOSED,CLOSED,,,
California,calarts.edu,OPEN,OPEN,CLOSED,CLOSED,CLOSED,CLOSED,CLOSED,CLOSED,CLOSED,CLOSED,CLOSED,,,
California,fidm.edu,OPEN,OPEN,CLOSED,CLOSED,CLOSED,CLOSED,CLOSED,CLOSED,CLOSED,CLOSED,CLOSED,,,
California,otis.edu,OPEN,OPEN,CLOSED,CLOSED,CLOSED,CLOSED,CLOSED,CLOSED,CLOSED,CLOSED,CLOSED,,,
California,pacificoaks.edu,OPEN,OPEN,CLOSED,CLOSED,CLOSED,CLOSED,CLOSED,CLOSED,CLOSED,CLOSED,CLOSED,,,
California,samuelmerritt.edu,OPEN,OPEN,CLOSED,CLOSED,CLOSED,CLOSED,CLOSED,CLOSED,CLOSED,CLOSED,CLOSED,,,
California,apu.edu,OPEN,OPEN,CLOSED,CLOSED,CLOSED,CLOSED,CLOSED,CLOSED,CLOSED,CLOSED,CLOSED,,,
California,biola.edu,OPEN,OPEN,CLOSED,CLOSED,CLOSED,CLOSED,CLOSED,CLOSED,CLOSED,CLOSED,CLOSED,,,
California,calbaptist.edu,OPEN,OPEN,CLOSED,CLOSED,CLOSED,CLOSED,CLOSED,CLOSED,CLOSED,CLOSED,CLOSED,,,
California,cui.edu,OPEN,OPEN,CLOSED,CLOSED,CLOSED,CLOSED,CLOSED,CLOSED,CLOSED,CLOSED,CLOSED,,,
California,dominican.edu,OPEN,OPEN,CLOSED,CLOSED,CLOSED,CLOSED,CLOSED,CLOSED,CLOSED,CLOSED,CLOSED,,,
California,fresno.edu,OPEN,OPEN,CLOSED,CLOSED,CLOSED,CLOSED,CLOSED,CLOSED,CLOSED,CLOSED,CLOSED,,,
California,hiu.edu,OPEN,OPEN,CLOSED,CLOSED,CLOSED,CLOSED,CLOSED,CLOSED,CLOSED,CLOSED,CLOSED,,,
California,lasierra.edu,OPEN,OPEN,CLOSED,CLOSED,CLOSED,CLOSED,CLOSED,CLOSED,CLOSED,CLOSED,CLOSED,,,
California,msmu.edu,OPEN,OPEN,CLOSED,CLOSED,CLOSED,CLOSED,CLOSED,CLOSED,CLOSED,CLOSED,CLOSED,,,
California,pointloma.edu,OPEN,OPEN,CLOSED,CLOSED,CLOSED,CLOSED,CLOSED,CLOSED,CLOSED,CLOSED,CLOSED,,,
California,stmarys-ca.edu,OPEN,OPEN,CLOSED,CLOSED,CLOSED,CLOSED,CLOSED,CLOSED,CLOSED,CLOSED,CLOSED,,,
California,vanguard.edu,OPEN,OPEN,CLOSED,CLOSED,CLOSED,CLOSED,CLOSED,CLOSED,CLOSED,CLOSED,CLOSED,,,
California,alliant.edu,OPEN,OPEN,CLOSED,CLOSED,CLOSED,CLOSED,CLOSED,CLOSED,CLOSED,CLOSED,CLOSED,,,
California,antioch.edu/los-angeles,CLOSED,CLOSED,CLOSED,CLOSED,CLOSED,CLOSED,CLOSED,CLOSED,CLOSED,CLOSED,CLOSED,,YES,
California,callutheran.edu,OPEN,OPEN,CLOSED,CLOSED,CLOSED,CLOSED,CLOSED,CLOSED,CLOSED,CLOSED,CLOSED,,,
California,cgu.edu,OPEN,OPEN,CLOSED,CLOSED,CLOSED,CLOSED,CLOSED,CLOSED,CLOSED,CLOSED,CLOSED,,,
California,nu.edu,OPEN,OPEN,CLOSED,CLOSED,CLOSED,CLOSED,CLOSED,CLOSED,CLOSED,CLOSED,CLOSED,,,
California,puc.edu,OPEN,OPEN,CLOSED,CLOSED,CLOSED,CLOSED,CLOSED,CLOSED,CLOSED,CLOSED,CLOSED,,,
California,paloaltou.edu,OPEN,OPEN,CLOSED,CLOSED,CLOSED,CLOSED,CLOSED,CLOSED,CLOSED,CLOSED,CLOSED,,,
California,sfcm.edu,OPEN,OPEN,CLOSED,CLOSED,CLOSED,CLOSED,CLOSED,CLOSED,CLOSED,CLOSED,CLOSED,,,
California,saybrook.edu,OPEN,OPEN,CLOSED,CLOSED,CLOSED,CLOSED,CLOSED,CLOSED,CLOSED,CLOSED,CLOSED,,,
California,tu.edu,OPEN,OPEN,CLOSED,CLOSED,CLOSED,CLOSED,CLOSED,CLOSED,CLOSED,CLOSED,CLOSED,,,
California,laverne.edu,OPEN,OPEN,CLOSED,CLOSED,CLOSED,CLOSED,CLOSED,CLOSED,CLOSED,CLOSED,CLOSED,,,
California,westernu.edu,OPEN,OPEN,CLOSED,CLOSED,CLOSED,CLOSED,CLOSED,CLOSED,CLOSED,CLOSED,CLOSED,,,
California,woodbury.edu,OPEN,OPEN,CLOSED,CLOSED,CLOSED,CLOSED,CLOSED,CLOSED,CLOSED,CLOSED,CLOSED,,,